[{"model": "admin.logentry", "pk": 1, "fields": {"action_time": "2023-08-13T15:37:38.570", "user": 1, "content_type": 7, "object_id": "1", "object_repr": "Belgium", "action_flag": 1, "change_message": "[{\"added\": {}}]"}}, {"model": "admin.logentry", "pk": 2, "fields": {"action_time": "2023-08-13T15:37:43.402", "user": 1, "content_type": 7, "object_id": "2", "object_repr": "France", "action_flag": 1, "change_message": "[{\"added\": {}}]"}}, {"model": "admin.logentry", "pk": 3, "fields": {"action_time": "2023-08-13T15:37:50.258", "user": 1, "content_type": 7, "object_id": "3", "object_repr": "Netherlands", "action_flag": 1, "change_message": "[{\"added\": {}}]"}}, {"model": "admin.logentry", "pk": 4, "fields": {"action_time": "2023-08-13T15:37:55.838", "user": 1, "content_type": 7, "object_id": "4", "object_repr": "Turkey", "action_flag": 1, "change_message": "[{\"added\": {}}]"}}, {"model": "admin.logentry", "pk": 5, "fields": {"action_time": "2023-08-13T15:38:08.982", "user": 1, "content_type": 7, "object_id": "5", "object_repr": "Ukraine", "action_flag": 1, "change_message": "[{\"added\": {}}]"}}, {"model": "admin.logentry", "pk": 6, "fields": {"action_time": "2023-08-13T15:38:15.372", "user": 1, "content_type": 7, "object_id": "6", "object_repr": "Spain", "action_flag": 1, "change_message": "[{\"added\": {}}]"}}, {"model": "admin.logentry", "pk": 7, "fields": {"action_time": "2023-08-13T15:38:20.137", "user": 1, "content_type": 7, "object_id": "7", "object_repr": "Italy", "action_flag": 1, "change_message": "[{\"added\": {}}]"}}, {"model": "admin.logentry", "pk": 8, "fields": {"action_time": "2023-08-13T15:38:28.216", "user": 1, "content_type": 7, "object_id": "8", "object_repr": "Germany", "action_flag": 1, "change_message": "[{\"added\": {}}]"}}, {"model": "admin.logentry", "pk": 9, "fields": {"action_time": "2023-08-13T15:38:33.021", "user": 1, "content_type": 7, "object_id": "9", "object_repr": "Georgia", "action_flag": 1, "change_message": "[{\"added\": {}}]"}}, {"model": "admin.logentry", "pk": 10, "fields": {"action_time": "2023-08-13T15:38:56.547", "user": 1, "content_type": 8, "object_id": "1", "object_repr": "Brussel", "action_flag": 1, "change_message": "[{\"added\": {}}]"}}, {"model": "admin.logentry", "pk": 11, "fields": {"action_time": "2023-08-13T15:39:05.151", "user": 1, "content_type": 8, "object_id": "2", "object_repr": "Paris", "action_flag": 1, "change_message": "[{\"added\": {}}]"}}, {"model": "admin.logentry", "pk": 12, "fields": {"action_time": "2023-08-13T15:39:11.038", "user": 1, "content_type": 8, "object_id": "3", "object_repr": "Mons", "action_flag": 1, "change_message": "[{\"added\": {}}]"}}, {"model": "admin.logentry", "pk": 13, "fields": {"action_time": "2023-08-13T15:39:22.434", "user": 1, "content_type": 8, "object_id": "4", "object_repr": "Ghent", "action_flag": 1, "change_message": "[{\"added\": {}}]"}}, {"model": "admin.logentry", "pk": 14, "fields": {"action_time": "2023-08-13T15:39:32.717", "user": 1, "content_type": 8, "object_id": "5", "object_repr": "Antwerpen", "action_flag": 1, "change_message": "[{\"added\": {}}]"}}, {"model": "admin.logentry", "pk": 15, "fields": {"action_time": "2023-08-13T15:39:41.634", "user": 1, "content_type": 8, "object_id": "6", "object_repr": "Lille", "action_flag": 1, "change_message": "[{\"added\": {}}]"}}, {"model": "admin.logentry", "pk": 16, "fields": {"action_time": "2023-08-13T15:39:58.426", "user": 1, "content_type": 8, "object_id": "7", "object_repr": "Marselle", "action_flag": 1, "change_message": "[{\"added\": {}}]"}}, {"model": "admin.logentry", "pk": 17, "fields": {"action_time": "2023-08-13T15:40:17.971", "user": 1, "content_type": 8, "object_id": "8", "object_repr": "Amsterdam", "action_flag": 1, "change_message": "[{\"added\": {}}]"}}, {"model": "admin.logentry", "pk": 18, "fields": {"action_time": "2023-08-13T15:40:30.899", "user": 1, "content_type": 8, "object_id": "9", "object_repr": "Eindhowen", "action_flag": 1, "change_message": "[{\"added\": {}}]"}}, {"model": "admin.logentry", "pk": 19, "fields": {"action_time": "2023-08-13T15:40:44.327", "user": 1, "content_type": 8, "object_id": "10", "object_repr": "Rotterdam", "action_flag": 1, "change_message": "[{\"added\": {}}]"}}, {"model": "admin.logentry", "pk": 20, "fields": {"action_time": "2023-08-13T15:40:55.476", "user": 1, "content_type": 8, "object_id": "11", "object_repr": "Ankara", "action_flag": 1, "change_message": "[{\"added\": {}}]"}}, {"model": "admin.logentry", "pk": 21, "fields": {"action_time": "2023-08-13T15:41:08.437", "user": 1, "content_type": 8, "object_id": "12", "object_repr": "Istanbul", "action_flag": 1, "change_message": "[{\"added\": {}}]"}}, {"model": "admin.logentry", "pk": 22, "fields": {"action_time": "2023-08-13T15:41:16.320", "user": 1, "content_type": 8, "object_id": "13", "object_repr": "Kiev", "action_flag": 1, "change_message": "[{\"added\": {}}]"}}, {"model": "admin.logentry", "pk": 23, "fields": {"action_time": "2023-08-13T15:41:26.059", "user": 1, "content_type": 8, "object_id": "14", "object_repr": "Lviv", "action_flag": 1, "change_message": "[{\"added\": {}}]"}}, {"model": "admin.logentry", "pk": 24, "fields": {"action_time": "2023-08-13T15:41:34.820", "user": 1, "content_type": 8, "object_id": "15", "object_repr": "Madrid", "action_flag": 1, "change_message": "[{\"added\": {}}]"}}, {"model": "admin.logentry", "pk": 25, "fields": {"action_time": "2023-08-13T15:41:42.976", "user": 1, "content_type": 8, "object_id": "16", "object_repr": "Barcelona", "action_flag": 1, "change_message": "[{\"added\": {}}]"}}, {"model": "admin.logentry", "pk": 26, "fields": {"action_time": "2023-08-13T15:41:52.226", "user": 1, "content_type": 8, "object_id": "17", "object_repr": "Valencia", "action_flag": 1, "change_message": "[{\"added\": {}}]"}}, {"model": "admin.logentry", "pk": 27, "fields": {"action_time": "2023-08-13T15:41:57.863", "user": 1, "content_type": 8, "object_id": "18", "object_repr": "Rome", "action_flag": 1, "change_message": "[{\"added\": {}}]"}}, {"model": "admin.logentry", "pk": 28, "fields": {"action_time": "2023-08-13T15:42:06.459", "user": 1, "content_type": 8, "object_id": "19", "object_repr": "Milan", "action_flag": 1, "change_message": "[{\"added\": {}}]"}}, {"model": "admin.logentry", "pk": 29, "fields": {"action_time": "2023-08-13T15:42:34.456", "user": 1, "content_type": 8, "object_id": "20", "object_repr": "Genoa", "action_flag": 1, "change_message": "[{\"added\": {}}]"}}, {"model": "admin.logentry", "pk": 30, "fields": {"action_time": "2023-08-13T15:42:41.428", "user": 1, "content_type": 8, "object_id": "21", "object_repr": "Berlin", "action_flag": 1, "change_message": "[{\"added\": {}}]"}}, {"model": "admin.logentry", "pk": 31, "fields": {"action_time": "2023-08-13T15:43:00.717", "user": 1, "content_type": 8, "object_id": "22", "object_repr": "Hamburg", "action_flag": 1, "change_message": "[{\"added\": {}}]"}}, {"model": "admin.logentry", "pk": 32, "fields": {"action_time": "2023-08-13T15:43:20.341", "user": 1, "content_type": 8, "object_id": "23", "object_repr": "Munchen", "action_flag": 1, "change_message": "[{\"added\": {}}]"}}, {"model": "admin.logentry", "pk": 33, "fields": {"action_time": "2023-08-13T15:43:32.600", "user": 1, "content_type": 8, "object_id": "24", "object_repr": "Tbilisi", "action_flag": 1, "change_message": "[{\"added\": {}}]"}}, {"model": "admin.logentry", "pk": 34, "fields": {"action_time": "2023-08-13T15:43:40.296", "user": 1, "content_type": 8, "object_id": "25", "object_repr": "Kutaisi", "action_flag": 1, "change_message": "[{\"added\": {}}]"}}, {"model": "admin.logentry", "pk": 35, "fields": {"action_time": "2023-08-13T15:48:53.009", "user": 1, "content_type": 9, "object_id": "1", "object_repr": "Ryanair", "action_flag": 1, "change_message": "[{\"added\": {}}]"}}, {"model": "admin.logentry", "pk": 36, "fields": {"action_time": "2023-08-13T15:49:16.618", "user": 1, "content_type": 9, "object_id": "2", "object_repr": "TUifly", "action_flag": 1, "change_message": "[{\"added\": {}}]"}}, {"model": "admin.logentry", "pk": 37, "fields": {"action_time": "2023-08-13T15:49:49.185", "user": 1, "content_type": 9, "object_id": "3", "object_repr": "JetAirFly", "action_flag": 1, "change_message": "[{\"added\": {}}]"}}, {"model": "admin.logentry", "pk": 38, "fields": {"action_time": "2023-08-13T15:50:29.375", "user": 1, "content_type": 9, "object_id": "4", "object_repr": "Emirates", "action_flag": 1, "change_message": "[{\"added\": {}}]"}}, {"model": "admin.logentry", "pk": 39, "fields": {"action_time": "2023-08-13T15:50:40.217", "user": 1, "content_type": 9, "object_id": "5", "object_repr": "WiZZair", "action_flag": 1, "change_message": "[{\"added\": {}}]"}}, {"model": "admin.logentry", "pk": 40, "fields": {"action_time": "2023-08-13T15:51:06.318", "user": 1, "content_type": 9, "object_id": "6", "object_repr": "FlyDubai", "action_flag": 1, "change_message": "[{\"added\": {}}]"}}, {"model": "admin.logentry", "pk": 41, "fields": {"action_time": "2023-08-13T15:52:14.869", "user": 1, "content_type": 9, "object_id": "7", "object_repr": "Air France", "action_flag": 1, "change_message": "[{\"added\": {}}]"}}, {"model": "admin.logentry", "pk": 42, "fields": {"action_time": "2023-08-13T15:52:23.789", "user": 1, "content_type": 9, "object_id": "8", "object_repr": "Austrian Airlines", "action_flag": 1, "change_message": "[{\"added\": {}}]"}}, {"model": "admin.logentry", "pk": 43, "fields": {"action_time": "2023-08-13T15:52:40.474", "user": 1, "content_type": 9, "object_id": "9", "object_repr": "Finnair", "action_flag": 1, "change_message": "[{\"added\": {}}]"}}, {"model": "admin.logentry", "pk": 44, "fields": {"action_time": "2023-08-13T15:52:55.612", "user": 1, "content_type": 9, "object_id": "10", "object_repr": "Lufthansa", "action_flag": 1, "change_message": "[{\"added\": {}}]"}}, {"model": "admin.logentry", "pk": 45, "fields": {"action_time": "2023-08-13T15:53:30.650", "user": 1, "content_type": 11, "object_id": "1", "object_repr": "Airbus A380", "action_flag": 1, "change_message": "[{\"added\": {}}]"}}, {"model": "admin.logentry", "pk": 46, "fields": {"action_time": "2023-08-13T15:53:54.978", "user": 1, "content_type": 11, "object_id": "2", "object_repr": "Airbus A340", "action_flag": 1, "change_message": "[{\"added\": {}}]"}}, {"model": "admin.logentry", "pk": 47, "fields": {"action_time": "2023-08-13T15:54:07.090", "user": 1, "content_type": 11, "object_id": "3", "object_repr": "Boeing 747-8", "action_flag": 1, "change_message": "[{\"added\": {}}]"}}, {"model": "admin.logentry", "pk": 48, "fields": {"action_time": "2023-08-13T15:54:15.919", "user": 1, "content_type": 11, "object_id": "4", "object_repr": "Boeing 747", "action_flag": 1, "change_message": "[{\"added\": {}}]"}}, {"model": "admin.logentry", "pk": 49, "fields": {"action_time": "2023-08-13T15:54:31.525", "user": 1, "content_type": 11, "object_id": "5", "object_repr": "Airbus A350", "action_flag": 1, "change_message": "[{\"added\": {}}]"}}, {"model": "admin.logentry", "pk": 50, "fields": {"action_time": "2023-08-13T15:54:46.673", "user": 1, "content_type": 11, "object_id": "6", "object_repr": "Boeing 787 Dreamliner", "action_flag": 1, "change_message": "[{\"added\": {}}]"}}, {"model": "admin.logentry", "pk": 51, "fields": {"action_time": "2023-08-13T15:54:58.879", "user": 1, "content_type": 11, "object_id": "7", "object_repr": "Boeing 767", "action_flag": 1, "change_message": "[{\"added\": {}}]"}}, {"model": "admin.logentry", "pk": 52, "fields": {"action_time": "2023-08-13T15:55:51.130", "user": 1, "content_type": 11, "object_id": "8", "object_repr": "Boeing 777", "action_flag": 1, "change_message": "[{\"added\": {}}]"}}, {"model": "admin.logentry", "pk": 53, "fields": {"action_time": "2023-08-13T15:56:17.189", "user": 1, "content_type": 11, "object_id": "9", "object_repr": "Piston Aircraft", "action_flag": 1, "change_message": "[{\"added\": {}}]"}}, {"model": "admin.logentry", "pk": 54, "fields": {"action_time": "2023-08-13T15:56:32.715", "user": 1, "content_type": 11, "object_id": "10", "object_repr": "Light Jets", "action_flag": 1, "change_message": "[{\"added\": {}}]"}}, {"model": "admin.logentry", "pk": 55, "fields": {"action_time": "2023-08-13T15:56:41.724", "user": 1, "content_type": 11, "object_id": "11", "object_repr": "Mid-Size Jets", "action_flag": 1, "change_message": "[{\"added\": {}}]"}}, {"model": "admin.logentry", "pk": 56, "fields": {"action_time": "2023-08-13T15:56:58.008", "user": 1, "content_type": 11, "object_id": "12", "object_repr": "Jumbo Jets", "action_flag": 1, "change_message": "[{\"added\": {}}]"}}, {"model": "admin.logentry", "pk": 57, "fields": {"action_time": "2023-08-13T15:57:06.649", "user": 1, "content_type": 11, "object_id": "13", "object_repr": "Regional Jets", "action_flag": 1, "change_message": "[{\"added\": {}}]"}}, {"model": "admin.logentry", "pk": 58, "fields": {"action_time": "2023-08-13T15:57:44.989", "user": 1, "content_type": 11, "object_id": "2", "object_repr": "Airbus A340", "action_flag": 3, "change_message": ""}}, {"model": "admin.logentry", "pk": 59, "fields": {"action_time": "2023-08-13T15:57:49.550", "user": 1, "content_type": 11, "object_id": "5", "object_repr": "Airbus A350", "action_flag": 3, "change_message": ""}}, {"model": "admin.logentry", "pk": 60, "fields": {"action_time": "2023-08-13T15:57:53.772", "user": 1, "content_type": 11, "object_id": "1", "object_repr": "Airbus A380", "action_flag": 3, "change_message": ""}}, {"model": "admin.logentry", "pk": 61, "fields": {"action_time": "2023-08-13T15:57:56.931", "user": 1, "content_type": 11, "object_id": "4", "object_repr": "Boeing 747", "action_flag": 3, "change_message": ""}}, {"model": "admin.logentry", "pk": 62, "fields": {"action_time": "2023-08-13T15:58:00.139", "user": 1, "content_type": 11, "object_id": "3", "object_repr": "Boeing 747-8", "action_flag": 3, "change_message": ""}}, {"model": "admin.logentry", "pk": 63, "fields": {"action_time": "2023-08-13T15:58:03.250", "user": 1, "content_type": 11, "object_id": "7", "object_repr": "Boeing 767", "action_flag": 3, "change_message": ""}}, {"model": "admin.logentry", "pk": 64, "fields": {"action_time": "2023-08-13T15:58:06.418", "user": 1, "content_type": 11, "object_id": "8", "object_repr": "Boeing 777", "action_flag": 3, "change_message": ""}}, {"model": "admin.logentry", "pk": 65, "fields": {"action_time": "2023-08-13T15:58:09.982", "user": 1, "content_type": 11, "object_id": "6", "object_repr": "Boeing 787 Dreamliner", "action_flag": 3, "change_message": ""}}, {"model": "admin.logentry", "pk": 66, "fields": {"action_time": "2023-08-13T15:58:34.468", "user": 1, "content_type": 11, "object_id": "14", "object_repr": "Narrow Body Aircraft", "action_flag": 1, "change_message": "[{\"added\": {}}]"}}, {"model": "admin.logentry", "pk": 67, "fields": {"action_time": "2023-08-13T15:58:50.976", "user": 1, "content_type": 11, "object_id": "15", "object_repr": "Wide Body Airliners", "action_flag": 1, "change_message": "[{\"added\": {}}]"}}, {"model": "admin.logentry", "pk": 68, "fields": {"action_time": "2023-08-13T15:59:15.613", "user": 1, "content_type": 11, "object_id": "16", "object_repr": "Airbus", "action_flag": 1, "change_message": "[{\"added\": {}}]"}}, {"model": "admin.logentry", "pk": 69, "fields": {"action_time": "2023-08-13T15:59:27.399", "user": 1, "content_type": 11, "object_id": "17", "object_repr": "Commuter liners", "action_flag": 1, "change_message": "[{\"added\": {}}]"}}, {"model": "admin.logentry", "pk": 70, "fields": {"action_time": "2023-08-13T15:59:42.719", "user": 1, "content_type": 11, "object_id": "18", "object_repr": "Concorde", "action_flag": 1, "change_message": "[{\"added\": {}}]"}}, {"model": "admin.logentry", "pk": 71, "fields": {"action_time": "2023-08-13T16:02:05.926", "user": 1, "content_type": 10, "object_id": "1", "object_repr": "Airbus A380, company: Air France (type: Airbus)", "action_flag": 1, "change_message": "[{\"added\": {}}]"}}, {"model": "admin.logentry", "pk": 72, "fields": {"action_time": "2023-08-13T16:02:57.166", "user": 1, "content_type": 10, "object_id": "2", "object_repr": "Boeing 747-8, company: Austrian Airlines (type: Airbus)", "action_flag": 1, "change_message": "[{\"added\": {}}]"}}, {"model": "admin.logentry", "pk": 73, "fields": {"action_time": "2023-08-13T16:03:30.232", "user": 1, "content_type": 11, "object_id": "19", "object_repr": "Boeing", "action_flag": 1, "change_message": "[{\"added\": {}}]"}}, {"model": "admin.logentry", "pk": 74, "fields": {"action_time": "2023-08-13T16:03:50.438", "user": 1, "content_type": 10, "object_id": "3", "object_repr": "Boeing 747, company: FlyDubai (type: Boeing)", "action_flag": 1, "change_message": "[{\"added\": {}}]"}}, {"model": "admin.logentry", "pk": 75, "fields": {"action_time": "2023-08-13T16:04:25.995", "user": 1, "content_type": 10, "object_id": "4", "object_repr": "Airbus A340, company: WiZZair (type: Airbus)", "action_flag": 1, "change_message": "[{\"added\": {}}]"}}, {"model": "admin.logentry", "pk": 76, "fields": {"action_time": "2023-08-13T16:08:02.388", "user": 1, "content_type": 10, "object_id": "5", "object_repr": "Boeing 787, company: Finnair (type: Boeing)", "action_flag": 1, "change_message": "[{\"added\": {}}]"}}, {"model": "admin.logentry", "pk": 77, "fields": {"action_time": "2023-08-13T16:08:33.075", "user": 1, "content_type": 10, "object_id": "6", "object_repr": "Boeing 767, company: FlyDubai (type: Commuter liners)", "action_flag": 1, "change_message": "[{\"added\": {}}]"}}, {"model": "admin.logentry", "pk": 78, "fields": {"action_time": "2023-08-13T16:09:18.243", "user": 1, "content_type": 10, "object_id": "7", "object_repr": "Airbus A330, company: JetAirFly (type: Jumbo Jets)", "action_flag": 1, "change_message": "[{\"added\": {}}]"}}, {"model": "admin.logentry", "pk": 79, "fields": {"action_time": "2023-08-13T16:10:16.209", "user": 1, "content_type": 10, "object_id": "8", "object_repr": "Dornier 228, company: TUifly (type: Light Jets)", "action_flag": 1, "change_message": "[{\"added\": {}}]"}}, {"model": "admin.logentry", "pk": 80, "fields": {"action_time": "2023-08-13T16:10:53.101", "user": 1, "content_type": 10, "object_id": "9", "object_repr": "BAe Jetstream 3 Series, company: WiZZair (type: Jumbo Jets)", "action_flag": 1, "change_message": "[{\"added\": {}}]"}}, {"model": "admin.logentry", "pk": 81, "fields": {"action_time": "2023-08-13T16:11:45.619", "user": 1, "content_type": 10, "object_id": "10", "object_repr": "Cessna 208 Caravan, company: Lufthansa (type: Narrow Body Aircraft)", "action_flag": 1, "change_message": "[{\"added\": {}}]"}}, {"model": "admin.logentry", "pk": 82, "fields": {"action_time": "2023-08-13T16:13:51.733", "user": 1, "content_type": 10, "object_id": "11", "object_repr": "Piper PA28 Cherokee Series, company: Austrian Airlines (type: Piston Aircraft)", "action_flag": 1, "change_message": "[{\"added\": {}}]"}}, {"model": "admin.logentry", "pk": 83, "fields": {"action_time": "2023-08-13T16:15:47.103", "user": 1, "content_type": 10, "object_id": "12", "object_repr": "Boeing 737 series, company: Lufthansa (type: Boeing)", "action_flag": 1, "change_message": "[{\"added\": {}}]"}}, {"model": "admin.logentry", "pk": 84, "fields": {"action_time": "2023-08-13T16:18:54.615", "user": 1, "content_type": 12, "object_id": "1", "object_repr": "Brussels – Zaventem", "action_flag": 1, "change_message": "[{\"added\": {}}]"}}, {"model": "admin.logentry", "pk": 85, "fields": {"action_time": "2023-08-13T16:19:37.942", "user": 1, "content_type": 8, "object_id": "26", "object_repr": "Charleroi", "action_flag": 1, "change_message": "[{\"added\": {}}]"}}, {"model": "admin.logentry", "pk": 86, "fields": {"action_time": "2023-08-13T16:19:41.801", "user": 1, "content_type": 12, "object_id": "2", "object_repr": "Charleroi", "action_flag": 1, "change_message": "[{\"added\": {}}]"}}, {"model": "admin.logentry", "pk": 87, "fields": {"action_time": "2023-08-13T16:24:18.519", "user": 1, "content_type": 12, "object_id": "3", "object_repr": "Marseille Provence Airport", "action_flag": 1, "change_message": "[{\"added\": {}}]"}}, {"model": "admin.logentry", "pk": 88, "fields": {"action_time": "2023-08-13T16:25:13.155", "user": 1, "content_type": 12, "object_id": "4", "object_repr": "Lille Airport", "action_flag": 1, "change_message": "[{\"added\": {}}]"}}, {"model": "admin.logentry", "pk": 89, "fields": {"action_time": "2023-08-13T16:25:52.821", "user": 1, "content_type": 8, "object_id": "27", "object_repr": "Lyon", "action_flag": 1, "change_message": "[{\"added\": {}}]"}}, {"model": "admin.logentry", "pk": 90, "fields": {"action_time": "2023-08-13T16:25:55.393", "user": 1, "content_type": 12, "object_id": "5", "object_repr": "Lyon–Bron Airport", "action_flag": 1, "change_message": "[{\"added\": {}}]"}}, {"model": "admin.logentry", "pk": 91, "fields": {"action_time": "2023-08-13T16:26:29.714", "user": 1, "content_type": 12, "object_id": "6", "object_repr": "Tbilisi Airport", "action_flag": 1, "change_message": "[{\"added\": {}}]"}}, {"model": "admin.logentry", "pk": 92, "fields": {"action_time": "2023-08-13T16:26:47.431", "user": 1, "content_type": 12, "object_id": "7", "object_repr": "Kutaisi Airport", "action_flag": 1, "change_message": "[{\"added\": {}}]"}}, {"model": "admin.logentry", "pk": 93, "fields": {"action_time": "2023-08-13T16:27:54.750", "user": 1, "content_type": 12, "object_id": "8", "object_repr": "Rome-Fiumicino \"Leonardo da Vinci\" Airport", "action_flag": 1, "change_message": "[{\"added\": {}}]"}}, {"model": "admin.logentry", "pk": 94, "fields": {"action_time": "2023-08-13T16:28:13.653", "user": 1, "content_type": 12, "object_id": "9", "object_repr": "Milan-Malpensa Airport", "action_flag": 1, "change_message": "[{\"added\": {}}]"}}, {"model": "admin.logentry", "pk": 95, "fields": {"action_time": "2023-08-13T16:28:35.448", "user": 1, "content_type": 12, "object_id": "10", "object_repr": "Amsterdam Airport Schiphol", "action_flag": 1, "change_message": "[{\"added\": {}}]"}}, {"model": "admin.logentry", "pk": 96, "fields": {"action_time": "2023-08-13T16:28:52.691", "user": 1, "content_type": 12, "object_id": "11", "object_repr": "Eindhoven Airport", "action_flag": 1, "change_message": "[{\"added\": {}}]"}}, {"model": "admin.logentry", "pk": 97, "fields": {"action_time": "2023-08-13T16:29:11.389", "user": 1, "content_type": 12, "object_id": "12", "object_repr": "Rotterdam The Hague Airport", "action_flag": 1, "change_message": "[{\"added\": {}}]"}}, {"model": "admin.logentry", "pk": 98, "fields": {"action_time": "2023-08-13T16:29:41.690", "user": 1, "content_type": 12, "object_id": "13", "object_repr": "Berlin Brandenburg Airport", "action_flag": 1, "change_message": "[{\"added\": {}}]"}}, {"model": "admin.logentry", "pk": 99, "fields": {"action_time": "2023-08-13T16:30:24.883", "user": 1, "content_type": 12, "object_id": "14", "object_repr": "Airbus Hamburg-Finkenwerder", "action_flag": 1, "change_message": "[{\"added\": {}}]"}}, {"model": "admin.logentry", "pk": 100, "fields": {"action_time": "2023-08-13T16:30:49.623", "user": 1, "content_type": 12, "object_id": "15", "object_repr": "Munich Airport", "action_flag": 1, "change_message": "[{\"added\": {}}]"}}, {"model": "admin.logentry", "pk": 101, "fields": {"action_time": "2023-08-13T16:31:16.964", "user": 1, "content_type": 12, "object_id": "16", "object_repr": "Ankara Esenboga Airport", "action_flag": 1, "change_message": "[{\"added\": {}}]"}}, {"model": "admin.logentry", "pk": 102, "fields": {"action_time": "2023-08-13T16:31:45.483", "user": 1, "content_type": 12, "object_id": "17", "object_repr": "Istanbul Airport", "action_flag": 1, "change_message": "[{\"added\": {}}]"}}, {"model": "admin.logentry", "pk": 103, "fields": {"action_time": "2023-08-13T16:32:01.891", "user": 1, "content_type": 12, "object_id": "18", "object_repr": "Boryspil International Airport", "action_flag": 1, "change_message": "[{\"added\": {}}]"}}, {"model": "admin.logentry", "pk": 104, "fields": {"action_time": "2023-08-13T16:32:18.189", "user": 1, "content_type": 12, "object_id": "19", "object_repr": "Lviv Danylo Halytskyi International Airport", "action_flag": 1, "change_message": "[{\"added\": {}}]"}}, {"model": "admin.logentry", "pk": 105, "fields": {"action_time": "2023-08-13T16:32:43.181", "user": 1, "content_type": 12, "object_id": "20", "object_repr": "Kyiv (Zhuliany) International Airport", "action_flag": 1, "change_message": "[{\"added\": {}}]"}}, {"model": "admin.logentry", "pk": 106, "fields": {"action_time": "2023-08-13T16:37:28.159", "user": 1, "content_type": 13, "object_id": "3", "object_repr": "George Blue", "action_flag": 1, "change_message": "[{\"added\": {}}]"}}, {"model": "admin.logentry", "pk": 107, "fields": {"action_time": "2023-08-13T16:37:37.000", "user": 1, "content_type": 13, "object_id": "4", "object_repr": "Kate Milena", "action_flag": 1, "change_message": "[{\"added\": {}}]"}}, {"model": "admin.logentry", "pk": 108, "fields": {"action_time": "2023-08-13T16:37:47.462", "user": 1, "content_type": 13, "object_id": "5", "object_repr": "Robert White", "action_flag": 1, "change_message": "[{\"added\": {}}]"}}, {"model": "admin.logentry", "pk": 109, "fields": {"action_time": "2023-08-13T16:37:58.328", "user": 1, "content_type": 13, "object_id": "6", "object_repr": "Susan New", "action_flag": 1, "change_message": "[{\"added\": {}}]"}}, {"model": "admin.logentry", "pk": 110, "fields": {"action_time": "2023-08-13T16:38:15.564", "user": 1, "content_type": 13, "object_id": "7", "object_repr": "James Kyosaki", "action_flag": 1, "change_message": "[{\"added\": {}}]"}}, {"model": "admin.logentry", "pk": 111, "fields": {"action_time": "2023-08-13T16:38:28.137", "user": 1, "content_type": 13, "object_id": "8", "object_repr": "Robert Downey", "action_flag": 1, "change_message": "[{\"added\": {}}]"}}, {"model": "admin.logentry", "pk": 112, "fields": {"action_time": "2023-08-13T16:38:35.110", "user": 1, "content_type": 13, "object_id": "9", "object_repr": "Criss Pratt", "action_flag": 1, "change_message": "[{\"added\": {}}]"}}, {"model": "admin.logentry", "pk": 113, "fields": {"action_time": "2023-08-13T16:38:44.168", "user": 1, "content_type": 13, "object_id": "10", "object_repr": "John Wick", "action_flag": 1, "change_message": "[{\"added\": {}}]"}}, {"model": "admin.logentry", "pk": 114, "fields": {"action_time": "2023-08-13T16:38:51.540", "user": 1, "content_type": 13, "object_id": "11", "object_repr": "Neo Black", "action_flag": 1, "change_message": "[{\"added\": {}}]"}}, {"model": "admin.logentry", "pk": 115, "fields": {"action_time": "2023-08-13T16:39:16.069", "user": 1, "content_type": 13, "object_id": "12", "object_repr": "Trinity Blue", "action_flag": 1, "change_message": "[{\"added\": {}}]"}}, {"model": "admin.logentry", "pk": 116, "fields": {"action_time": "2023-08-13T16:39:41.309", "user": 1, "content_type": 15, "object_id": "1", "object_repr": "Airbus Hamburg-Finkenwerder - Amsterdam Airport Schiphol", "action_flag": 1, "change_message": "[{\"added\": {}}]"}}, {"model": "admin.logentry", "pk": 117, "fields": {"action_time": "2023-08-13T16:39:52.110", "user": 1, "content_type": 15, "object_id": "2", "object_repr": "Ankara Esenboga Airport - Lyon–Bron Airport", "action_flag": 1, "change_message": "[{\"added\": {}}]"}}, {"model": "admin.logentry", "pk": 118, "fields": {"action_time": "2023-08-13T16:40:04.388", "user": 1, "content_type": 15, "object_id": "3", "object_repr": "Charleroi - Munich Airport", "action_flag": 1, "change_message": "[{\"added\": {}}]"}}, {"model": "admin.logentry", "pk": 119, "fields": {"action_time": "2023-08-13T16:40:24.101", "user": 1, "content_type": 15, "object_id": "4", "object_repr": "Istanbul Airport - Rome-Fiumicino \"Leonardo da Vinci\" Airport", "action_flag": 1, "change_message": "[{\"added\": {}}]"}}, {"model": "admin.logentry", "pk": 120, "fields": {"action_time": "2023-08-13T16:40:42.190", "user": 1, "content_type": 15, "object_id": "5", "object_repr": "Kutaisi Airport - Milan-Malpensa Airport", "action_flag": 1, "change_message": "[{\"added\": {}}]"}}, {"model": "admin.logentry", "pk": 121, "fields": {"action_time": "2023-08-13T16:43:59.489", "user": 1, "content_type": 16, "object_id": "1", "object_repr": "Airbus Hamburg-Finkenwerder - Amsterdam Airport Schiphol (departure: 2023-08-31 06:00:00+03:00, arrival: 2023-09-01 18:00:00+03:00)", "action_flag": 1, "change_message": "[{\"added\": {}}]"}}, {"model": "admin.logentry", "pk": 122, "fields": {"action_time": "2023-08-13T16:45:17.386", "user": 1, "content_type": 16, "object_id": "2", "object_repr": "Charleroi - Munich Airport (departure: 2023-10-04 18:00:00+03:00, arrival: 2023-10-04 20:00:00+03:00)", "action_flag": 1, "change_message": "[{\"added\": {}}]"}}, {"model": "admin.logentry", "pk": 123, "fields": {"action_time": "2023-08-13T16:45:55.849", "user": 1, "content_type": 16, "object_id": "3", "object_repr": "Kutaisi Airport - Milan-Malpensa Airport (departure: 2023-08-14 18:00:00+03:00, arrival: 2023-08-15 06:00:00+03:00)", "action_flag": 1, "change_message": "[{\"added\": {}}]"}}, {"model": "admin.logentry", "pk": 124, "fields": {"action_time": "2023-08-13T16:47:40.682", "user": 1, "content_type": 14, "object_id": "1", "object_repr": "2023-08-13 16:47:40.665105+00:00", "action_flag": 1, "change_message": "[{\"added\": {}}, {\"added\": {\"name\": \"ticket\", \"object\": \"Kutaisi Airport - Milan-Malpensa Airport (departure: 2023-08-14 15:00:00+00:00, arrival: 2023-08-15 03:00:00+00:00) (row: 11, seat: 4)\"}}, {\"added\": {\"name\": \"ticket\", \"object\": \"Kutaisi Airport - Milan-Malpensa Airport (departure: 2023-08-14 15:00:00+00:00, arrival: 2023-08-15 03:00:00+00:00) (row: 11, seat: 5)\"}}]"}}, {"model": "admin.logentry", "pk": 125, "fields": {"action_time": "2023-08-13T17:59:33.833", "user": 1, "content_type": 16, "object_id": "1", "object_repr": "Airbus Hamburg-Finkenwerder - Amsterdam Airport Schiphol (departure: 2023-08-31 06:00:00+03:00, arrival: 2023-09-01 18:00:00+03:00)", "action_flag": 2, "change_message": "[{\"changed\": {\"fields\": [\"Crew\"]}}]"}}, {"model": "admin.logentry", "pk": 126, "fields": {"action_time": "2023-08-13T17:59:57.171", "user": 1, "content_type": 16, "object_id": "2", "object_repr": "Charleroi - Munich Airport (departure: 2023-10-04 18:00:00+03:00, arrival: 2023-10-04 20:00:00+03:00)", "action_flag": 2, "change_message": "[{\"changed\": {\"fields\": [\"Crew\"]}}]"}}, {"model": "admin.logentry", "pk": 127, "fields": {"action_time": "2023-08-13T18:00:01.498", "user": 1, "content_type": 16, "object_id": "2", "object_repr": "Charleroi - Munich Airport (departure: 2023-10-04 18:00:00+03:00, arrival: 2023-10-04 20:00:00+03:00)", "action_flag": 2, "change_message": "[]"}}, {"model": "admin.logentry", "pk": 128, "fields": {"action_time": "2023-08-13T18:00:08.372", "user": 1, "content_type": 16, "object_id": "3", "object_repr": "Kutaisi Airport - Milan-Malpensa Airport (departure: 2023-08-14 18:00:00+03:00, arrival: 2023-08-15 06:00:00+03:00)", "action_flag": 2, "change_message": "[{\"changed\": {\"fields\": [\"Crew\"]}}]"}}, {"model": "auth.permission", "pk": 1, "fields": {"name": "Can add log entry", "content_type": 1, "codename": "add_logentry"}}, {"model": "auth.permission", "pk": 2, "fields": {"name": "Can change log entry", "content_type": 1, "codename": "change_logentry"}}, {"model": "auth.permission", "pk": 3, "fields": {"name": "Can delete log entry", "content_type": 1, "codename": "delete_logentry"}}, {"model": "auth.permission", "pk": 4, "fields": {"name": "Can view log entry", "content_type": 1, "codename": "view_logentry"}}, {"model": "auth.permission", "pk": 5, "fields": {"name": "Can add permission", "content_type": 2, "codename": "add_permission"}}, {"model": "auth.permission", "pk": 6, "fields": {"name": "Can change permission", "content_type": 2, "codename": "change_permission"}}, {"model": "auth.permission", "pk": 7, "fields": {"name": "Can delete permission", "content_type": 2, "codename": "delete_permission"}}, {"model": "auth.permission", "pk": 8, "fields": {"name": "Can view permission", "content_type": 2, "codename": "view_permission"}}, {"model": "auth.permission", "pk": 9, "fields": {"name": "Can add group", "content_type": 3, "codename": "add_group"}}, {"model": "auth.permission", "pk": 10, "fields": {"name": "Can change group", "content_type": 3, "codename": "change_group"}}, {"model": "auth.permission", "pk": 11, "fields": {"name": "Can delete group", "content_type": 3, "codename": "delete_group"}}, {"model": "auth.permission", "pk": 12, "fields": {"name": "Can view group", "content_type": 3, "codename": "view_group"}}, {"model": "auth.permission", "pk": 13, "fields": {"name": "Can add content type", "content_type": 4, "codename": "add_contenttype"}}, {"model": "auth.permission", "pk": 14, "fields": {"name": "Can change content type", "content_type": 4, "codename": "change_contenttype"}}, {"model": "auth.permission", "pk": 15, "fields": {"name": "Can delete content type", "content_type": 4, "codename": "delete_contenttype"}}, {"model": "auth.permission", "pk": 16, "fields": {"name": "Can view content type", "content_type": 4, "codename": "view_contenttype"}}, {"model": "auth.permission", "pk": 17, "fields": {"name": "Can add session", "content_type": 5, "codename": "add_session"}}, {"model": "auth.permission", "pk": 18, "fields": {"name": "Can change session", "content_type": 5, "codename": "change_session"}}, {"model": "auth.permission", "pk": 19, "fields": {"name": "Can delete session", "content_type": 5, "codename": "delete_session"}}, {"model": "auth.permission", "pk": 20, "fields": {"name": "Can view session", "content_type": 5, "codename": "view_session"}}, {"model": "auth.permission", "pk": 21, "fields": {"name": "Can add user", "content_type": 6, "codename": "add_user"}}, {"model": "auth.permission", "pk": 22, "fields": {"name": "Can change user", "content_type": 6, "codename": "change_user"}}, {"model": "auth.permission", "pk": 23, "fields": {"name": "Can delete user", "content_type": 6, "codename": "delete_user"}}, {"model": "auth.permission", "pk": 24, "fields": {"name": "Can view user", "content_type": 6, "codename": "view_user"}}, {"model": "auth.permission", "pk": 25, "fields": {"name": "Can add country", "content_type": 7, "codename": "add_country"}}, {"model": "auth.permission", "pk": 26, "fields": {"name": "Can change country", "content_type": 7, "codename": "change_country"}}, {"model": "auth.permission", "pk": 27, "fields": {"name": "Can delete country", "content_type": 7, "codename": "delete_country"}}, {"model": "auth.permission", "pk": 28, "fields": {"name": "Can view country", "content_type": 7, "codename": "view_country"}}, {"model": "auth.permission", "pk": 29, "fields": {"name": "Can add city", "content_type": 8, "codename": "add_city"}}, {"model": "auth.permission", "pk": 30, "fields": {"name": "Can change city", "content_type": 8, "codename": "change_city"}}, {"model": "auth.permission", "pk": 31, "fields": {"name": "Can delete city", "content_type": 8, "codename": "delete_city"}}, {"model": "auth.permission", "pk": 32, "fields": {"name": "Can view city", "content_type": 8, "codename": "view_city"}}, {"model": "auth.permission", "pk": 33, "fields": {"name": "Can add air company", "content_type": 9, "codename": "add_aircompany"}}, {"model": "auth.permission", "pk": 34, "fields": {"name": "Can change air company", "content_type": 9, "codename": "change_aircompany"}}, {"model": "auth.permission", "pk": 35, "fields": {"name": "Can delete air company", "content_type": 9, "codename": "delete_aircompany"}}, {"model": "auth.permission", "pk": 36, "fields": {"name": "Can view air company", "content_type": 9, "codename": "view_aircompany"}}, {"model": "auth.permission", "pk": 37, "fields": {"name": "Can add airplane", "content_type": 10, "codename": "add_airplane"}}, {"model": "auth.permission", "pk": 38, "fields": {"name": "Can change airplane", "content_type": 10, "codename": "change_airplane"}}, {"model": "auth.permission", "pk": 39, "fields": {"name": "Can delete airplane", "content_type": 10, "codename": "delete_airplane"}}, {"model": "auth.permission", "pk": 40, "fields": {"name": "Can view airplane", "content_type": 10, "codename": "view_airplane"}}, {"model": "auth.permission", "pk": 41, "fields": {"name": "Can add airplane type", "content_type": 11, "codename": "add_airplanetype"}}, {"model": "auth.permission", "pk": 42, "fields": {"name": "Can change airplane type", "content_type": 11, "codename": "change_airplanetype"}}, {"model": "auth.permission", "pk": 43, "fields": {"name": "Can delete airplane type", "content_type": 11, "codename": "delete_airplanetype"}}, {"model": "auth.permission", "pk": 44, "fields": {"name": "Can view airplane type", "content_type": 11, "codename": "view_airplanetype"}}, {"model": "auth.permission", "pk": 45, "fields": {"name": "Can add airport", "content_type": 12, "codename": "add_airport"}}, {"model": "auth.permission", "pk": 46, "fields": {"name": "Can change airport", "content_type": 12, "codename": "change_airport"}}, {"model": "auth.permission", "pk": 47, "fields": {"name": "Can delete airport", "content_type": 12, "codename": "delete_airport"}}, {"model": "auth.permission", "pk": 48, "fields": {"name": "Can view airport", "content_type": 12, "codename": "view_airport"}}, {"model": "auth.permission", "pk": 49, "fields": {"name": "Can add crew", "content_type": 13, "codename": "add_crew"}}, {"model": "auth.permission", "pk": 50, "fields": {"name": "Can change crew", "content_type": 13, "codename": "change_crew"}}, {"model": "auth.permission", "pk": 51, "fields": {"name": "Can delete crew", "content_type": 13, "codename": "delete_crew"}}, {"model": "auth.permission", "pk": 52, "fields": {"name": "Can view crew", "content_type": 13, "codename": "view_crew"}}, {"model": "auth.permission", "pk": 53, "fields": {"name": "Can add order", "content_type": 14, "codename": "add_order"}}, {"model": "auth.permission", "pk": 54, "fields": {"name": "Can change order", "content_type": 14, "codename": "change_order"}}, {"model": "auth.permission", "pk": 55, "fields": {"name": "Can delete order", "content_type": 14, "codename": "delete_order"}}, {"model": "auth.permission", "pk": 56, "fields": {"name": "Can view order", "content_type": 14, "codename": "view_order"}}, {"model": "auth.permission", "pk": 57, "fields": {"name": "Can add route", "content_type": 15, "codename": "add_route"}}, {"model": "auth.permission", "pk": 58, "fields": {"name": "Can change route", "content_type": 15, "codename": "change_route"}}, {"model": "auth.permission", "pk": 59, "fields": {"name": "Can delete route", "content_type": 15, "codename": "delete_route"}}, {"model": "auth.permission", "pk": 60, "fields": {"name": "Can view route", "content_type": 15, "codename": "view_route"}}, {"model": "auth.permission", "pk": 61, "fields": {"name": "Can add flight", "content_type": 16, "codename": "add_flight"}}, {"model": "auth.permission", "pk": 62, "fields": {"name": "Can change flight", "content_type": 16, "codename": "change_flight"}}, {"model": "auth.permission", "pk": 63, "fields": {"name": "Can delete flight", "content_type": 16, "codename": "delete_flight"}}, {"model": "auth.permission", "pk": 64, "fields": {"name": "Can view flight", "content_type": 16, "codename": "view_flight"}}, {"model": "auth.permission", "pk": 65, "fields": {"name": "Can add ticket", "content_type": 17, "codename": "add_ticket"}}, {"model": "auth.permission", "pk": 66, "fields": {"name": "Can change ticket", "content_type": 17, "codename": "change_ticket"}}, {"model": "auth.permission", "pk": 67, "fields": {"name": "Can delete ticket", "content_type": 17, "codename": "delete_ticket"}}, {"model": "auth.permission", "pk": 68, "fields": {"name": "Can view ticket", "content_type": 17, "codename": "view_ticket"}}, {"model": "contenttypes.contenttype", "pk": 1, "fields": {"app_label": "admin", "model": "logentry"}}, {"model": "contenttypes.contenttype", "pk": 2, "fields": {"app_label": "auth", "model": "permission"}}, {"model": "contenttypes.contenttype", "pk": 3, "fields": {"app_label": "auth", "model": "group"}}, {"model": "contenttypes.contenttype", "pk": 4, "fields": {"app_label": "contenttypes", "model": "contenttype"}}, {"model": "contenttypes.contenttype", "pk": 5, "fields": {"app_label": "sessions", "model": "session"}}, {"model": "contenttypes.contenttype", "pk": 6, "fields": {"app_label": "user", "model": "user"}}, {"model": "contenttypes.contenttype", "pk": 7, "fields": {"app_label": "country", "model": "country"}}, {"model": "contenttypes.contenttype", "pk": 8, "fields": {"app_label": "country", "model": "city"}}, {"model": "contenttypes.contenttype", "pk": 9, "fields": {"app_label": "service", "model": "aircompany"}}, {"model": "contenttypes.contenttype", "pk": 10, "fields": {"app_label": "service", "model": "airplane"}}, {"model": "contenttypes.contenttype", "pk": 11, "fields": {"app_label": "service", "model": "airplanetype"}}, {"model": "contenttypes.contenttype", "pk": 12, "fields": {"app_label": "service", "model": "airport"}}, {"model": "contenttypes.contenttype", "pk": 13, "fields": {"app_label": "service", "model": "crew"}}, {"model": "contenttypes.contenttype", "pk": 14, "fields": {"app_label": "service", "model": "order"}}, {"model": "contenttypes.contenttype", "pk": 15, "fields": {"app_label": "service", "model": "route"}}, {"model": "contenttypes.contenttype", "pk": 16, "fields": {"app_label": "service", "model": "flight"}}, {"model": "contenttypes.contenttype", "pk": 17, "fields": {"app_label": "service", "model": "ticket"}}, {"model": "service.crew", "pk": 1, "fields": {"first_name": "John", "last_name": "Green"}}, {"model": "service.crew", "pk": 2, "fields": {"first_name": "Michael", "last_name": "Black"}}, {"model": "service.crew", "pk": 3, "fields": {"first_name": "George", "last_name": "Blue"}}, {"model": "service.crew", "pk": 4, "fields": {"first_name": "Kate", "last_name": "Milena"}}, {"model": "service.crew", "pk": 5, "fields": {"first_name": "Robert", "last_name": "White"}}, {"model": "service.crew", "pk": 6, "fields": {"first_name": "Susan", "last_name": "New"}}, {"model": "service.crew", "pk": 7, "fields": {"first_name": "James", "last_name": "Kyosaki"}}, {"model": "service.crew", "pk": 8, "fields": {"first_name": "Robert", "last_name": "Downey"}}, {"model": "service.crew", "pk": 9, "fields": {"first_name": "Criss", "last_name": "Pratt"}}, {"model": "service.crew", "pk": 10, "fields": {"first_name": "John", "last_name": "Wick"}}, {"model": "service.crew", "pk": 11, "fields": {"first_name": "Neo", "last_name": "Black"}}, {"model": "service.crew", "pk": 12, "fields": {"first_name": "Trinity", "last_name": "Blue"}}, {"model": "service.airport", "pk": 1, "fields": {"name": "Brussels – Zaventem", "closest_big_city": 1, "image": "uploads/airports/brussels-zaventem-c2011f91-01d7-4542-ba52-c1bbbf8844b4..png"}}, {"model": "service.airport", "pk": 2, "fields": {"name": "Charleroi", "closest_big_city": 26, "image": ""}}, {"model": "service.airport", "pk": 3, "fields": {"name": "Marseille Provence Airport", "closest_big_city": 7, "image": ""}}, {"model": "service.airport", "pk": 4, "fields": {"name": "Lille Airport", "closest_big_city": 6, "image": ""}}, {"model": "service.airport", "pk": 5, "fields": {"name": "Lyon–Bron Airport", "closest_big_city": 27, "image": ""}}, {"model": "service.airport", "pk": 6, "fields": {"name": "Tbilisi Airport", "closest_big_city": 24, "image": ""}}, {"model": "service.airport", "pk": 7, "fields": {"name": "Kutaisi Airport", "closest_big_city": 25, "image": ""}}, {"model": "service.airport", "pk": 8, "fields": {"name": "Rome-Fiumicino \"Leonardo da Vinci\" Airport", "closest_big_city": 18, "image": ""}}, {"model": "service.airport", "pk": 9, "fields": {"name": "Milan-Malpensa Airport", "closest_big_city": 19, "image": ""}}, {"model": "service.airport", "pk": 10, "fields": {"name": "Amsterdam Airport Schiphol", "closest_big_city": 8, "image": ""}}, {"model": "service.airport", "pk": 11, "fields": {"name": "Eindhoven Airport", "closest_big_city": 9, "image": ""}}, {"model": "service.airport", "pk": 12, "fields": {"name": "Rotterdam The Hague Airport", "closest_big_city": 10, "image": ""}}, {"model": "service.airport", "pk": 13, "fields": {"name": "Berlin Brandenburg Airport", "closest_big_city": 21, "image": ""}}, {"model": "service.airport", "pk": 14, "fields": {"name": "Airbus Hamburg-Finkenwerder", "closest_big_city": 22, "image": ""}}, {"model": "service.airport", "pk": 15, "fields": {"name": "Munich Airport", "closest_big_city": 23, "image": ""}}, {"model": "service.airport", "pk": 16, "fields": {"name": "Ankara Esenboga Airport", "closest_big_city": 11, "image": ""}}, {"model": "service.airport", "pk": 17, "fields": {"name": "Istanbul Airport", "closest_big_city": 12, "image": ""}}, {"model": "service.airport", "pk": 18, "fields": {"name": "Boryspil International Airport", "closest_big_city": 13, "image": ""}}, {"model": "service.airport", "pk": 19, "fields": {"name": "Lviv Danylo Halytskyi International Airport", "closest_big_city": 14, "image": ""}}, {"model": "service.airport", "pk": 20, "fields": {"name": "Kyiv (Zhuliany) International Airport", "closest_big_city": 13, "image": ""}}, {"model": "service.airport", "pk": 21, "fields": {"name": "TestSourceAirport", "closest_big_city": 28, "image": ""}}, {"model": "service.route", "pk": 1, "fields": {"source": 14, "destination": 10, "distance": 300}}, {"model": "service.route", "pk": 2, "fields": {"source": 16, "destination": 5, "distance": 600}}, {"model": "service.route", "pk": 3, "fields": {"source": 2, "destination": 15, "distance": 200}}, {"model": "service.route", "pk": 4, "fields": {"source": 17, "destination": 8, "distance": 1000}}, {"model": "service.route", "pk": 5, "fields": {"source": 7, "destination": 9, "distance": 1500}}, {"model": "service.airplanetype", "pk": 9, "fields": {"name": "Piston Aircraft"}}, {"model": "service.airplanetype", "pk": 10, "fields": {"name": "Light Jets"}}, {"model": "service.airplanetype", "pk": 11, "fields": {"name": "Mid-Size Jets"}}, {"model": "service.airplanetype", "pk": 12, "fields": {"name": "Jumbo Jets"}}, {"model": "service.airplanetype", "pk": 13, "fields": {"name": "Regional Jets"}}, {"model": "service.airplanetype", "pk": 14, "fields": {"name": "Narrow Body Aircraft"}}, {"model": "service.airplanetype", "pk": 15, "fields": {"name": "Wide Body Airliners"}}, {"model": "service.airplanetype", "pk": 16, "fields": {"name": "Airbus"}}, {"model": "service.airplanetype", "pk": 17, "fields": {"name": "Commuter liners"}}, {"model": "service.airplanetype", "pk": 18, "fields": {"name": "Concorde"}}, {"model": "service.airplanetype", "pk": 19, "fields": {"name": "Boeing"}}, {"model": "service.airplanetype", "pk": 20, "fields": {"name": "New Type"}}, {"model": "service.aircompany", "pk": 1, "fields": {"name": "Ryanair"}}, {"model": "service.aircompany", "pk": 2, "fields": {"name": "TUifly"}}, {"model": "service.aircompany", "pk": 3, "fields": {"name": "JetAirFly"}}, {"model": "service.aircompany", "pk": 4, "fields": {"name": "Emirates"}}, {"model": "service.aircompany", "pk": 5, "fields": {"name": "WiZZair"}}, {"model": "service.aircompany", "pk": 6, "fields": {"name": "FlyDubai"}}, {"model": "service.aircompany", "pk": 7, "fields": {"name": "Air France"}}, {"model": "service.aircompany", "pk": 8, "fields": {"name": "Austrian Airlines"}}, {"model": "service.aircompany", "pk": 9, "fields": {"name": "Finnair"}}, {"model": "service.aircompany", "pk": 10, "fields": {"name": "Lufthansa"}}, {"model": "service.airplane", "pk": 1, "fields": {"name": "Airbus A380", "rows": 40, "seats_in_row": 6, "airplane_type": 16, "air_company": 7}}, {"model": "service.airplane", "pk": 2, "fields": {"name": "Boeing 747-8", "rows": 35, "seats_in_row": 6, "airplane_type": 16, "air_company": 8}}, {"model": "service.airplane", "pk": 3, "fields": {"name": "Boeing 747", "rows": 50, "seats_in_row": 6, "airplane_type": 19, "air_company": 6}}, {"model": "service.airplane", "pk": 4, "fields": {"name": "Airbus A340", "rows": 35, "seats_in_row": 6, "airplane_type": 16, "air_company": 5}}, {"model": "service.airplane", "pk": 5, "fields": {"name": "Boeing 787", "rows": 50, "seats_in_row": 6, "airplane_type": 19, "air_company": 9}}, {"model": "service.airplane", "pk": 6, "fields": {"name": "Boeing 767", "rows": 40, "seats_in_row": 6, "airplane_type": 17, "air_company": 6}}, {"model": "service.airplane", "pk": 7, "fields": {"name": "Airbus A330", "rows": 30, "seats_in_row": 4, "airplane_type": 12, "air_company": 3}}, {"model": "service.airplane", "pk": 8, "fields": {"name": "Dornier 228", "rows": 6, "seats_in_row": 3, "airplane_type": 10, "air_company": 2}}, {"model": "service.airplane", "pk": 9, "fields": {"name": "BAe Jetstream 3 Series", "rows": 4, "seats_in_row": 2, "airplane_type": 12, "air_company": 5}}, {"model": "service.airplane", "pk": 10, "fields": {"name": "Cessna 208 Caravan", "rows": 3, "seats_in_row": 2, "airplane_type": 14, "air_company": 10}}, {"model": "service.airplane", "pk": 11, "fields": {"name": "Piper PA28 Cherokee Series", "rows": 2, "seats_in_row": 2, "airplane_type": 9, "air_company": 8}}, {"model": "service.airplane", "pk": 12, "fields": {"name": "Boeing 737 series", "rows": 50, "seats_in_row": 4, "airplane_type": 19, "air_company": 10}}, {"model": "service.flight", "pk": 1, "fields": {"route": 1, "airplane": 7, "departure_time": "2023-09-01T03:00:00", "arrival_time": "2023-09-09T15:00:00", "crew": [1, 10, 4]}}, {"model": "service.flight", "pk": 2, "fields": {"route": 3, "airplane": 1, "departure_time": "2023-10-04T15:00:00", "arrival_time": "2023-10-04T17:00:00", "crew": [1, 10, 4]}}, {"model": "service.flight", "pk": 3, "fields": {"route": 5, "airplane": 3, "departure_time": "2023-08-14T15:00:00", "arrival_time": "2023-08-15T03:00:00", "crew": [11, 8, 12]}}, {"model": "service.ticket", "pk": 1, "fields": {"row": 11, "seat": 4, "flight": 3, "order": 1}}, {"model": "service.ticket", "pk": 2, "fields": {"row": 11, "seat": 5, "flight": 3, "order": 1}}, {"model": "service.ticket", "pk": 3, "fields": {"row": 3, "seat": 4, "flight": 2, "order": 2}}, {"model": "service.ticket", "pk": 4, "fields": {"row": 1, "seat": 1, "flight": 1, "order": 3}}, {"model": "service.ticket", "pk": 5, "fields": {"row": 1, "seat": 2, "flight": 1, "order": 4}}, {"model": "service.ticket", "pk": 6, "fields": {"row": 3, "seat": 1, "flight": 1, "order": 5}}, {"model": "service.ticket", "pk": 7, "fields": {"row": 2, "seat": 1, "flight": 1, "order": 6}}, {"model": "service.order", "pk": 1, "fields": {"created_at": "2023-08-13T16:47:40.665", "user": 1}}, {"model": "service.order", "pk": 2, "fields": {"created_at": "2023-08-14T12:32:36.575", "user": 1}}, {"model": "service.order", "pk": 3, "fields": {"created_at": "2023-08-16T15:08:10.634", "user": 1}}, {"model": "service.order", "pk": 4, "fields": {"created_at": "2023-08-16T15:08:21.955", "user": 1}}, {"model": "service.order", "pk": 5, "fields": {"created_at": "2023-08-16T15:08:37.537", "user": 1}}, {"model": "service.order", "pk": 6, "fields": {"created_at": "2023-08-16T15:09:46.455", "user": 1}}, {"model": "country.country", "pk": 1, "fields": {"name": "Belgium"}}, {"model": "country.country", "pk": 2, "fields": {"name": "France"}}, {"model": "country.country", "pk": 3, "fields": {"name": "Netherlands"}}, {"model": "country.country", "pk": 4, "fields": {"name": "Turkey"}}, {"model": "country.country", "pk": 5, "fields": {"name": "Ukraine"}}, {"model": "country.country", "pk": 6, "fields": {"name": "Spain"}}, {"model": "country.country", "pk": 7, "fields": {"name": "Italy"}}, {"model": "country.country", "pk": 8, "fields": {"name": "Germany"}}, {"model": "country.country", "pk": 9, "fields": {"name": "Georgia"}}, {"model": "country.country", "pk": 10, "fields": {"name": "TestCountry"}}, {"model": "country.country", "pk": 11, "fields": {"name": "testCountry"}}, {"model": "country.city", "pk": 1, "fields": {"name": "Brussel", "country": 1}}, {"model": "country.city", "pk": 2, "fields": {"name": "Paris", "country": 2}}, {"model": "country.city", "pk": 3, "fields": {"name": "Mons", "country": 1}}, {"model": "country.city", "pk": 4, "fields": {"name": "Ghent", "country": 1}}, {"model": "country.city", "pk": 5, "fields": {"name": "Antwerpen", "country": 1}}, {"model": "country.city", "pk": 6, "fields": {"name": "Lille", "country": 2}}, {"model": "country.city", "pk": 7, "fields": {"name": "Marselle", "country": 2}}, {"model": "country.city", "pk": 8, "fields": {"name": "Amsterdam", "country": 3}}, {"model": "country.city", "pk": 9, "fields": {"name": "Eindhowen", "country": 3}}, {"model": "country.city", "pk": 10, "fields": {"name": "Rotterdam", "country": 3}}, {"model": "country.city", "pk": 11, "fields": {"name": "Ankara", "country": 4}}, {"model": "country.city", "pk": 12, "fields": {"name": "Istanbul", "country": 4}}, {"model": "country.city", "pk": 13, "fields": {"name": "Kiev", "country": 5}}, {"model": "country.city", "pk": 14, "fields": {"name": "Lviv", "country": 5}}, {"model": "country.city", "pk": 15, "fields": {"name": "Madrid", "country": 6}}, {"model": "country.city", "pk": 16, "fields": {"name": "Barcelona", "country": 6}}, {"model": "country.city", "pk": 17, "fields": {"name": "Valencia", "country": 6}}, {"model": "country.city", "pk": 18, "fields": {"name": "Rome", "country": 7}}, {"model": "country.city", "pk": 19, "fields": {"name": "Milan", "country": 7}}, {"model": "country.city", "pk": 20, "fields": {"name": "Genoa", "country": 7}}, {"model": "country.city", "pk": 21, "fields": {"name": "Berlin", "country": 8}}, {"model": "country.city", "pk": 22, "fields": {"name": "Hamburg", "country": 8}}, {"model": "country.city", "pk": 23, "fields": {"name": "Munchen", "country": 8}}, {"model": "country.city", "pk": 24, "fields": {"name": "Tbilisi", "country": 9}}, {"model": "country.city", "pk": 25, "fields": {"name": "Kutaisi", "country": 9}}, {"model": "country.city", "pk": 26, "fields": {"name": "Charleroi", "country": 1}}, {"model": "country.city", "pk": 27, "fields": {"name": "Lyon", "country": 2}}, {"model": "country.city", "pk": 28, "fields": {"name": "Sample city", "country": 10}}, {"model": "user.user", "pk": 1, "fields": {"password": "pbkdf2_sha256$600000$SM7BnkigZqATO8WrT6nCiT$WZbWTSw5ZgozzdMQ7cOiWhh1WnpC9OCHVAhXO8PpTNs=", "last_login": "2023-08-17T20:41:04.589", "is_superuser": true, "first_name": "", "last_name": "", "is_staff": true, "is_active": true, "date_joined": "2023-08-13T15:12:02.311", "email": "admin@admin.com", "groups": [], "user_permissions": []}}, {"model": "user.user", "pk": 2, "fields": {"password": "pbkdf2_sha256$600000$eI6XV0z7FasQE8LZKbhU6Y$5epiq9oPoiTFl2JY2YT6LK7BFTD1QgV+0NdR+zUSRK0=", "last_login": null, "is_superuser": false, "first_name": "", "last_name": "", "is_staff": false, "is_active": true, "date_joined": "2023-08-17T20:46:40.591", "email": "test@test.com", "groups": [], "user_permissions": []}}, {"model": "user.user", "pk": 3, "fields": {"password": "pbkdf2_sha256$600000$9TxgR7cRDOEa20fGFfK1EB$ILIsobxKY/xqpCyu/5/1EGfTMB6PLL3Rt2zOhh1UevE=", "last_login": null, "is_superuser": false, "first_name": "", "last_name": "", "is_staff": false, "is_active": true, "date_joined": "2023-08-18T18:49:42.768", "email": "testtest@test.com", "groups": [], "user_permissions": []}}, {"model": "user.user", "pk": 4, "fields": {"password": "pbkdf2_sha256$600000$O9yIkz4IgWiwXfCbgUDS7a$U22u6MX4ytmZtwFYWIq60erQqY4SMwHIXnvFwYEY/l4=", "last_login": null, "is_superuser": false, "first_name": "", "last_name": "", "is_staff": false, "is_active": true, "date_joined": "2023-08-18T19:20:59.686", "email": "@test.com", "groups": [], "user_permissions": []}}, {"model": "user.user", "pk": 5, "fields": {"password": "pbkdf2_sha256$600000$4XkS0zZHJon7ZQv8syoxPJ$9Rzdfa+pj4VIXSsTtsHPrrjOMULEpMSFD8wAsCT7JQI=", "last_login": null, "is_superuser": false, "first_name": "", "last_name": "", "is_staff": false, "is_active": true, "date_joined": "2023-08-18T19:26:22.819", "email": "useruser@test.com", "groups": [], "user_permissions": []}}, {"model": "user.user", "pk": 6, "fields": {"password": "pbkdf2_sha256$600000$kQHgBFVEECg5DLhevyyVrA$vHRPwkskUK/nr1Sv7EZeRsrq3C7Kqx79ZDoIyjcL8Gw=", "last_login": null, "is_superuser": false, "first_name": "", "last_name": "", "is_staff": false, "is_active": true, "date_joined": "2023-08-18T20:15:53.695", "email": "testunique@test.com", "groups": [], "user_permissions": []}}, {"model": "user.user", "pk": 7, "fields": {"password": "pbkdf2_sha256$600000$bd7mi36Ol2ogBTyMDdkYR6$5XCTnS8lydeuKGLJoir2/jtygLoXTTmAOZFK3uU/u+w=", "last_login": null, "is_superuser": true, "first_name": "", "last_name": "", "is_staff": true, "is_active": true, "date_joined": "2023-08-21T10:47:32.359", "email": "test@test1.com", "groups": [], "user_permissions": []}}]